Indicator_ID,Indicator_Name,Parent_Code,Parent_Name,Area_Code,Area_Name,Area_Type,Sex,Age,Category_Type,Category,Time_period,Value,Lower_CI_limit,Upper_CI_limit,Count,Denominator,Value_note,Recent_Trend,Compared_to_England_value_or_percentiles,Compared_to_subnational_parent_value_or_percentiles
92196,4.01 - Infant mortality,,,E92000001,England,Country,Persons,< 1 yr,,,2001 - 03,5.3568188057493,5.24796864926087,5.46735830531506,9210,1719304,,,Not compared,Not compared
92196,4.01 - Infant mortality,,,E92000001,England,Country,Persons,< 1 yr,County & UA deprivation deciles in England (IMD2010),Most deprived decile (IMD2010),2001 - 03,7.76127174213703,7.36430576835451,8.17407516659506,1431,184377,,,Worse,Not compared
92196,4.01 - Infant mortality,,,E92000001,England,Country,Persons,< 1 yr,County & UA deprivation deciles in England (IMD2010),Second most deprived decile (IMD2010),2001 - 03,6.86028897692846,6.42913142895913,7.31275570642346,942,137312,,,Worse,Not compared
92196,4.01 - Infant mortality,,,E92000001,England,Country,Persons,< 1 yr,County & UA deprivation deciles in England (IMD2010),Third more deprived decile (IMD2010),2001 - 03,6.25577100646353,5.83308526655168,6.70098990600708,813,129960,,,Worse,Not compared
92196,4.01 - Infant mortality,,,E92000001,England,Country,Persons,< 1 yr,County & UA deprivation deciles in England (IMD2010),Fourth more deprived decile (IMD2010),2001 - 03,5.73460191468377,5.37952837832458,6.106953274117,971,169323,,,Worse,Not compared
92196,4.01 - Infant mortality,,,E92000001,England,Country,Persons,< 1 yr,County & UA deprivation deciles in England (IMD2010),Fifth more deprived decile (IMD2010),2001 - 03,5.48853427988397,5.08997534067156,5.91000890004523,702,127903,,,Same,Not compared
92196,4.01 - Infant mortality,,,E92000001,England,Country,Persons,< 1 yr,County & UA deprivation deciles in England (IMD2010),Fifth less deprived decile (IMD2010),2001 - 03,5.19210195823062,4.85710071946453,5.54412060428262,893,171992,,,Same,Not compared
92196,4.01 - Infant mortality,,,E92000001,England,Country,Persons,< 1 yr,County & UA deprivation deciles in England (IMD2010),Fourth less deprived decile (IMD2010),2001 - 03,4.69079073329504,4.40852343294978,4.98639030174899,1029,219366,,,Better,Not compared
92196,4.01 - Infant mortality,,,E92000001,England,Country,Persons,< 1 yr,County & UA deprivation deciles in England (IMD2010),Third less deprived decile (IMD2010),2001 - 03,4.64911959585606,4.34848943253349,4.96505645206227,889,191219,,,Better,Not compared
92196,4.01 - Infant mortality,,,E92000001,England,Country,Persons,< 1 yr,County & UA deprivation deciles in England (IMD2010),Second least deprived decile (IMD2010),2001 - 03,4.15310910904364,3.86342246231188,4.45876245960889,762,183477,,,Better,Not compared
92196,4.01 - Infant mortality,,,E92000001,England,Country,Persons,< 1 yr,County & UA deprivation deciles in England (IMD2010),Least deprived decile (IMD2010),2001 - 03,3.80672782874618,3.54389745371826,4.08389049436958,778,204375,,,Better,Not compared
92196,4.01 - Infant mortality,,,E92000001,England,Country,Persons,< 1 yr,District & UA deprivation deciles in England (IMD2010),Most deprived decile (IMD2010),2001 - 03,7.42050627108098,7.11809009173141,7.73246758661555,2266,305370,,,Worse,Not compared
92196,4.01 - Infant mortality,,,E92000001,England,Country,Persons,< 1 yr,District & UA deprivation deciles in England (IMD2010),Second most deprived decile (IMD2010),2001 - 03,6.18999024201298,5.89593903110364,6.49491011880463,1662,268498,,,Worse,Not compared
92196,4.01 - Infant mortality,,,E92000001,England,Country,Persons,< 1 yr,District & UA deprivation deciles in England (IMD2010),Third more deprived decile (IMD2010),2001 - 03,5.5084435524508,5.21065616772447,5.81881353054189,1279,232189,,,Same,Not compared
92196,4.01 - Infant mortality,,,E92000001,England,Country,Persons,< 1 yr,District & UA deprivation deciles in England (IMD2010),Fourth more deprived decile (IMD2010),2001 - 03,4.95603094045484,4.60740630938439,5.32404182224456,749,151129,,,Better,Not compared
92196,4.01 - Infant mortality,,,E92000001,England,Country,Persons,< 1 yr,District & UA deprivation deciles in England (IMD2010),Fifth more deprived decile (IMD2010),2001 - 03,4.8329125405281,4.48486909123522,5.20079311569299,714,147737,,,Better,Not compared
92196,4.01 - Infant mortality,,,E92000001,England,Country,Persons,< 1 yr,District & UA deprivation deciles in England (IMD2010),Fifth less deprived decile (IMD2010),2001 - 03,4.57294080544091,4.23243400055887,4.93354884531231,667,145858,,,Better,Not compared
92196,4.01 - Infant mortality,,,E92000001,England,Country,Persons,< 1 yr,District & UA deprivation deciles in England (IMD2010),Fourth less deprived decile (IMD2010),2001 - 03,4.46065562344632,4.1037595091008,4.84027909807701,576,129129,,,Better,Not compared
92196,4.01 - Infant mortality,,,E92000001,England,Country,Persons,< 1 yr,District & UA deprivation deciles in England (IMD2010),Third less deprived decile (IMD2010),2001 - 03,4.05645387419385,3.68373822639155,4.45665661112665,434,106990,,,Better,Not compared
92196,4.01 - Infant mortality,,,E92000001,England,Country,Persons,< 1 yr,District & UA deprivation deciles in England (IMD2010),Second least deprived decile (IMD2010),2001 - 03,3.90067848165105,3.56457029549771,4.25993788707725,495,126901,,,Better,Not compared
92196,4.01 - Infant mortality,,,E92000001,England,Country,Persons,< 1 yr,District & UA deprivation deciles in England (IMD2010),Least deprived decile (IMD2010),2001 - 03,3.48805247244154,3.14072967948253,3.8632872316927,368,105503,,,Better,Not compared
92196,4.01 - Infant mortality,,,E92000001,England,Country,Persons,< 1 yr,,,2002 - 04,5.2276450806243,5.12144840072526,5.33548947088403,9215,1762744,,,Not compared,Not compared
92196,4.01 - Infant mortality,,,E92000001,England,Country,Persons,< 1 yr,County & UA deprivation deciles in England (IMD2010),Most deprived decile (IMD2010),2002 - 04,7.41444268368193,7.03283979680195,7.81136887906773,1413,190574,,,Worse,Not compared
92196,4.01 - Infant mortality,,,E92000001,England,Country,Persons,< 1 yr,County & UA deprivation deciles in England (IMD2010),Second most deprived decile (IMD2010),2002 - 04,6.7610275057348,6.3383100031077,7.20452409341426,952,140807,,,Worse,Not compared
92196,4.01 - Infant mortality,,,E92000001,England,Country,Persons,< 1 yr,County & UA deprivation deciles in England (IMD2010),Third more deprived decile (IMD2010),2002 - 04,6.09550624901716,5.68389782253114,6.52904343624847,814,133541,,,Worse,Not compared
92196,4.01 - Infant mortality,,,E92000001,England,Country,Persons,< 1 yr,County & UA deprivation deciles in England (IMD2010),Fourth more deprived decile (IMD2010),2002 - 04,5.41023306940556,5.07074051233705,5.76647706117383,945,174669,,,Same,Not compared
92196,4.01 - Infant mortality,,,E92000001,England,Country,Persons,< 1 yr,County & UA deprivation deciles in England (IMD2010),Fifth more deprived decile (IMD2010),2002 - 04,5.35419157800136,4.96565958714154,5.76504634717233,703,131299,,,Same,Not compared
92196,4.01 - Infant mortality,,,E92000001,England,Country,Persons,< 1 yr,County & UA deprivation deciles in England (IMD2010),Fifth less deprived decile (IMD2010),2002 - 04,5.10368631001217,4.7760094899452,5.44792293057426,902,176735,,,Same,Not compared
92196,4.01 - Infant mortality,,,E92000001,England,Country,Persons,< 1 yr,County & UA deprivation deciles in England (IMD2010),Fourth less deprived decile (IMD2010),2002 - 04,4.80827076045543,4.52561512679218,5.10395613907394,1079,224405,,,Better,Not compared
92196,4.01 - Infant mortality,,,E92000001,England,Country,Persons,< 1 yr,County & UA deprivation deciles in England (IMD2010),Third less deprived decile (IMD2010),2002 - 04,4.52544218939359,4.23215994244661,4.83369165162442,885,195561,,,Better,Not compared
92196,4.01 - Infant mortality,,,E92000001,England,Country,Persons,< 1 yr,County & UA deprivation deciles in England (IMD2010),Second least deprived decile (IMD2010),2002 - 04,4.21467604685822,3.92567900404088,4.51931877934756,789,187203,,,Better,Not compared
92196,4.01 - Infant mortality,,,E92000001,England,Country,Persons,< 1 yr,County & UA deprivation deciles in England (IMD2010),Least deprived decile (IMD2010),2002 - 04,3.52488578985333,3.27429085922541,3.7895716413256,733,207950,,,Better,Not compared
92196,4.01 - Infant mortality,,,E92000001,England,Country,Persons,< 1 yr,District & UA deprivation deciles in England (IMD2010),Most deprived decile (IMD2010),2002 - 04,7.13220968187929,6.8401361618892,7.43354775781678,2244,314629,,,Worse,Not compared
92196,4.01 - Infant mortality,,,E92000001,England,Country,Persons,< 1 yr,District & UA deprivation deciles in England (IMD2010),Second most deprived decile (IMD2010),2002 - 04,6.04854755272583,5.7620656404565,6.34558600313719,1672,276430,,,Worse,Not compared
92196,4.01 - Infant mortality,,,E92000001,England,Country,Persons,< 1 yr,District & UA deprivation deciles in England (IMD2010),Third more deprived decile (IMD2010),2002 - 04,5.35614156951686,5.06669922168368,5.65780901421039,1280,238978,,,Same,Not compared
92196,4.01 - Infant mortality,,,E92000001,England,Country,Persons,< 1 yr,District & UA deprivation deciles in England (IMD2010),Fourth more deprived decile (IMD2010),2002 - 04,4.97165960574933,4.62687121020124,5.33533720270604,771,155079,,,Same,Not compared
92196,4.01 - Infant mortality,,,E92000001,England,Country,Persons,< 1 yr,District & UA deprivation deciles in England (IMD2010),Fifth more deprived decile (IMD2010),2002 - 04,4.80673869061,4.46363164535587,5.16922048678813,727,151246,,,Better,Not compared
92196,4.01 - Infant mortality,,,E92000001,England,Country,Persons,< 1 yr,District & UA deprivation deciles in England (IMD2010),Fifth less deprived decile (IMD2010),2002 - 04,4.52416008566457,4.18949242985271,4.87844811948154,676,149420,,,Better,Not compared
92196,4.01 - Infant mortality,,,E92000001,England,Country,Persons,< 1 yr,District & UA deprivation deciles in England (IMD2010),Fourth less deprived decile (IMD2010),2002 - 04,4.54731791749541,4.19039738048365,4.92651184318486,599,131726,,,Better,Not compared
92196,4.01 - Infant mortality,,,E92000001,England,Country,Persons,< 1 yr,District & UA deprivation deciles in England (IMD2010),Third less deprived decile (IMD2010),2002 - 04,3.84424375080472,3.48449430739226,4.23104743596518,418,108734,,,Better,Not compared
92196,4.01 - Infant mortality,,,E92000001,England,Country,Persons,< 1 yr,District & UA deprivation deciles in England (IMD2010),Second least deprived decile (IMD2010),2002 - 04,3.65392952251192,3.33167788783202,3.9989326860541,472,129176,,,Better,Not compared
92196,4.01 - Infant mortality,,,E92000001,England,Country,Persons,< 1 yr,District & UA deprivation deciles in England (IMD2010),Least deprived decile (IMD2010),2002 - 04,3.31699681344688,2.98133380383182,3.68010545225157,356,107326,,,Better,Not compared
92196,4.01 - Infant mortality,,,E92000001,England,Country,Persons,< 1 yr,,,2003 - 05,5.13297050986623,5.02912228197105,5.23842335036444,9291,1810063,,,Not compared,Not compared
92196,4.01 - Infant mortality,,,E92000001,England,Country,Persons,< 1 yr,County & UA deprivation deciles in England (IMD2010),Most deprived decile (IMD2010),2003 - 05,7.04553985371248,6.67984546616721,7.42604786064038,1389,197146,,,Worse,Not compared
92196,4.01 - Infant mortality,,,E92000001,England,Country,Persons,< 1 yr,County & UA deprivation deciles in England (IMD2010),Second most deprived decile (IMD2010),2003 - 05,6.58602521309757,6.17488620815811,7.01734153330583,955,145004,,,Worse,Not compared
92196,4.01 - Infant mortality,,,E92000001,England,Country,Persons,< 1 yr,County & UA deprivation deciles in England (IMD2010),Third more deprived decile (IMD2010),2003 - 05,5.83062858968494,5.43426602938947,6.24825602182571,803,137721,,,Worse,Not compared
92196,4.01 - Infant mortality,,,E92000001,England,Country,Persons,< 1 yr,County & UA deprivation deciles in England (IMD2010),Fourth more deprived decile (IMD2010),2003 - 05,5.28574680606528,4.95526779418671,5.63247083134682,952,180107,,,Same,Not compared
92196,4.01 - Infant mortality,,,E92000001,England,Country,Persons,< 1 yr,County & UA deprivation deciles in England (IMD2010),Fifth more deprived decile (IMD2010),2003 - 05,5.07670892294866,4.70279132339929,5.47244828368771,682,134339,,,Same,Not compared
92196,4.01 - Infant mortality,,,E92000001,England,Country,Persons,< 1 yr,County & UA deprivation deciles in England (IMD2010),Fifth less deprived decile (IMD2010),2003 - 05,5.13927094829432,4.81525964658042,5.47934855001939,936,182127,,,Same,Not compared
92196,4.01 - Infant mortality,,,E92000001,England,Country,Persons,< 1 yr,County & UA deprivation deciles in England (IMD2010),Fourth less deprived decile (IMD2010),2003 - 05,4.79392219329546,4.51514688660959,5.08540429688222,1103,230083,,,Better,Not compared
92196,4.01 - Infant mortality,,,E92000001,England,Country,Persons,< 1 yr,County & UA deprivation deciles in England (IMD2010),Third less deprived decile (IMD2010),2003 - 05,4.49935331159395,4.21031944334288,4.80300240860345,901,200251,,,Better,Not compared
92196,4.01 - Infant mortality,,,E92000001,England,Country,Persons,< 1 yr,County & UA deprivation deciles in England (IMD2010),Second least deprived decile (IMD2010),2003 - 05,4.35642114511642,4.06556327483936,4.66259186597864,833,191212,,,Better,Not compared
92196,4.01 - Infant mortality,,,E92000001,England,Country,Persons,< 1 yr,County & UA deprivation deciles in England (IMD2010),Least deprived decile (IMD2010),2003 - 05,3.47521843893376,3.22881357071821,3.73543982435849,737,212073,,,Better,Not compared
92196,4.01 - Infant mortality,,,E92000001,England,Country,Persons,< 1 yr,District & UA deprivation deciles in England (IMD2010),Most deprived decile (IMD2010),2003 - 05,6.88554435471471,6.60326071250535,7.17679218485003,2239,325174,,,Worse,Not compared
92196,4.01 - Infant mortality,,,E92000001,England,Country,Persons,< 1 yr,District & UA deprivation deciles in England (IMD2010),Second most deprived decile (IMD2010),2003 - 05,5.8131784087959,5.53661609617304,6.09997868950557,1657,285042,,,Worse,Not compared
92196,4.01 - Infant mortality,,,E92000001,England,Country,Persons,< 1 yr,District & UA deprivation deciles in England (IMD2010),Third more deprived decile (IMD2010),2003 - 05,5.15113108895074,4.87103553483683,5.44313333532119,1264,245383,,,Same,Not compared
92196,4.01 - Infant mortality,,,E92000001,England,Country,Persons,< 1 yr,District & UA deprivation deciles in England (IMD2010),Fourth more deprived decile (IMD2010),2003 - 05,4.95434477222557,4.61484049516776,5.31221711512608,790,159456,,,Same,Not compared
92196,4.01 - Infant mortality,,,E92000001,England,Country,Persons,< 1 yr,District & UA deprivation deciles in England (IMD2010),Fifth more deprived decile (IMD2010),2003 - 05,4.92693542033927,4.58349425116195,5.28929330961537,763,154863,,,Same,Not compared
92196,4.01 - Infant mortality,,,E92000001,England,Country,Persons,< 1 yr,District & UA deprivation deciles in England (IMD2010),Fifth less deprived decile (IMD2010),2003 - 05,4.43771535971599,4.11039076664579,4.78417151651129,680,153232,,,Better,Not compared
92196,4.01 - Infant mortality,,,E92000001,England,Country,Persons,< 1 yr,District & UA deprivation deciles in England (IMD2010),Fourth less deprived decile (IMD2010),2003 - 05,4.58274105662165,4.22878126156856,4.95841774415792,619,135072,,,Better,Not compared
92196,4.01 - Infant mortality,,,E92000001,England,Country,Persons,< 1 yr,District & UA deprivation deciles in England (IMD2010),Third less deprived decile (IMD2010),2003 - 05,4.17749887942627,3.80676266944721,4.5745841249023,466,111550,,,Better,Not compared
92196,4.01 - Infant mortality,,,E92000001,England,Country,Persons,< 1 yr,District & UA deprivation deciles in England (IMD2010),Second least deprived decile (IMD2010),2003 - 05,3.68930558731611,3.3679003574501,4.03310886912841,484,131190,,,Better,Not compared
92196,4.01 - Infant mortality,,,E92000001,England,Country,Persons,< 1 yr,District & UA deprivation deciles in England (IMD2010),Least deprived decile (IMD2010),2003 - 05,3.01555439455184,2.69846235063028,3.35966422306238,329,109101,,,Better,Not compared
92196,4.01 - Infant mortality,,,E92000001,England,Country,Persons,< 1 yr,,,2004 - 06,5.03135843444902,4.92982118223182,5.13446060422872,9338,1855960,,,Not compared,Not compared
92196,4.01 - Infant mortality,,,E92000001,England,Country,Persons,< 1 yr,County & UA deprivation deciles in England (IMD2010),Most deprived decile (IMD2010),2004 - 06,6.72610437024572,6.37422941281954,7.09234993767271,1367,203238,,,Worse,Not compared
92196,4.01 - Infant mortality,,,E92000001,England,Country,Persons,< 1 yr,County & UA deprivation deciles in England (IMD2010),Second most deprived decile (IMD2010),2004 - 06,6.50475269856614,6.10158436189523,6.92755991614342,969,148968,,,Worse,Not compared
92196,4.01 - Infant mortality,,,E92000001,England,Country,Persons,< 1 yr,County & UA deprivation deciles in England (IMD2010),Third more deprived decile (IMD2010),2004 - 06,5.57105025918413,5.18952239319194,5.97320634111167,791,141984,,,Worse,Not compared
92196,4.01 - Infant mortality,,,E92000001,England,Country,Persons,< 1 yr,County & UA deprivation deciles in England (IMD2010),Fourth more deprived decile (IMD2010),2004 - 06,5.37151644522828,5.04354476312789,5.71521605262794,999,185981,,,Worse,Not compared
92196,4.01 - Infant mortality,,,E92000001,England,Country,Persons,< 1 yr,County & UA deprivation deciles in England (IMD2010),Fifth more deprived decile (IMD2010),2004 - 06,5.1617019117146,4.78946863460479,5.55518174037825,712,137939,,,Same,Not compared
92196,4.01 - Infant mortality,,,E92000001,England,Country,Persons,< 1 yr,County & UA deprivation deciles in England (IMD2010),Fifth less deprived decile (IMD2010),2004 - 06,5.00497288973018,4.68942856498846,5.33616367421359,936,187014,,,Same,Not compared
92196,4.01 - Infant mortality,,,E92000001,England,Country,Persons,< 1 yr,County & UA deprivation deciles in England (IMD2010),Fourth less deprived decile (IMD2010),2004 - 06,4.58350277890742,4.31442836330756,4.86496323849854,1082,236064,,,Better,Not compared
92196,4.01 - Infant mortality,,,E92000001,England,Country,Persons,< 1 yr,County & UA deprivation deciles in England (IMD2010),Third less deprived decile (IMD2010),2004 - 06,4.38919492149527,4.1061541003661,4.68660539650422,894,203682,,,Better,Not compared
92196,4.01 - Infant mortality,,,E92000001,England,Country,Persons,< 1 yr,County & UA deprivation deciles in England (IMD2010),Second least deprived decile (IMD2010),2004 - 06,4.30243496229587,4.01585690282777,4.6040634266204,837,194541,,,Better,Not compared
92196,4.01 - Infant mortality,,,E92000001,England,Country,Persons,< 1 yr,County & UA deprivation deciles in England (IMD2010),Least deprived decile (IMD2010),2004 - 06,3.46803725715658,3.22440248211473,3.72520143086984,751,216549,,,Better,Not compared
92196,4.01 - Infant mortality,,,E92000001,England,Country,Persons,< 1 yr,District & UA deprivation deciles in England (IMD2010),Most deprived decile (IMD2010),2004 - 06,6.58846167636759,6.31630465015861,6.86932885335338,2205,334676,,,Worse,Not compared
92196,4.01 - Infant mortality,,,E92000001,England,Country,Persons,< 1 yr,District & UA deprivation deciles in England (IMD2010),Second most deprived decile (IMD2010),2004 - 06,5.63834894434173,5.37002415541536,5.91660981866141,1656,293703,,,Worse,Not compared
92196,4.01 - Infant mortality,,,E92000001,England,Country,Persons,< 1 yr,District & UA deprivation deciles in England (IMD2010),Third more deprived decile (IMD2010),2004 - 06,5.27484511316222,4.99564926217736,5.5655822699943,1335,253088,,,Same,Not compared
92196,4.01 - Infant mortality,,,E92000001,England,Country,Persons,< 1 yr,District & UA deprivation deciles in England (IMD2010),Fourth more deprived decile (IMD2010),2004 - 06,4.8785544843063,4.54630301444029,5.22866562971517,800,163983,,,Same,Not compared
92196,4.01 - Infant mortality,,,E92000001,England,Country,Persons,< 1 yr,District & UA deprivation deciles in England (IMD2010),Fifth more deprived decile (IMD2010),2004 - 06,4.80863035857025,4.47365135273235,5.16204754880257,764,158881,,,Same,Not compared
92196,4.01 - Infant mortality,,,E92000001,England,Country,Persons,< 1 yr,District & UA deprivation deciles in England (IMD2010),Fifth less deprived decile (IMD2010),2004 - 06,4.37275848180894,4.0511515526183,4.71310600296261,684,156423,,,Better,Not compared
92196,4.01 - Infant mortality,,,E92000001,England,Country,Persons,< 1 yr,District & UA deprivation deciles in England (IMD2010),Fourth less deprived decile (IMD2010),2004 - 06,4.31890064347257,3.97851408853668,4.6806210368476,594,137535,,,Better,Not compared
92196,4.01 - Infant mortality,,,E92000001,England,Country,Persons,< 1 yr,District & UA deprivation deciles in England (IMD2010),Third less deprived decile (IMD2010),2004 - 06,4.14067730908835,3.77473964502843,4.53250782093016,470,113508,,,Better,Not compared
92196,4.01 - Infant mortality,,,E92000001,England,Country,Persons,< 1 yr,District & UA deprivation deciles in England (IMD2010),Second least deprived decile (IMD2010),2004 - 06,3.63592746137296,3.319491714971,3.97439134634524,485,133391,,,Better,Not compared
92196,4.01 - Infant mortality,,,E92000001,England,Country,Persons,< 1 yr,District & UA deprivation deciles in England (IMD2010),Least deprived decile (IMD2010),2004 - 06,3.11450547069657,2.79448384811643,3.4611261536878,345,110772,,,Better,Not compared
92196,4.01 - Infant mortality,,,E92000001,England,Country,Persons,< 1 yr,,,2005 - 07,4.93505443159695,4.83577225182475,5.03586192113271,9397,1904133,,,Not compared,Not compared
92196,4.01 - Infant mortality,,,E92000001,England,Country,Persons,< 1 yr,County & UA deprivation deciles in England (IMD2010),Most deprived decile (IMD2010),2005 - 07,6.62784075954577,6.28333695965614,6.98632037044251,1385,208967,,,Worse,Not compared
92196,4.01 - Infant mortality,,,E92000001,England,Country,Persons,< 1 yr,County & UA deprivation deciles in England (IMD2010),Second most deprived decile (IMD2010),2005 - 07,6.46175112803526,6.06564812045457,6.87692783223128,991,153364,,,Worse,Not compared
92196,4.01 - Infant mortality,,,E92000001,England,Country,Persons,< 1 yr,County & UA deprivation deciles in England (IMD2010),Third more deprived decile (IMD2010),2005 - 07,5.23828736724771,4.87384570213973,5.62276193651783,766,146231,,,Same,Not compared
92196,4.01 - Infant mortality,,,E92000001,England,Country,Persons,< 1 yr,County & UA deprivation deciles in England (IMD2010),Fourth more deprived decile (IMD2010),2005 - 07,5.36475098180151,5.04208259943757,5.70265229695507,1030,191994,,,Worse,Not compared
92196,4.01 - Infant mortality,,,E92000001,England,Country,Persons,< 1 yr,County & UA deprivation deciles in England (IMD2010),Fifth more deprived decile (IMD2010),2005 - 07,4.88639834089731,4.52804067554059,5.26557541831979,688,140799,,,Same,Not compared
92196,4.01 - Infant mortality,,,E92000001,England,Country,Persons,< 1 yr,County & UA deprivation deciles in England (IMD2010),Fifth less deprived decile (IMD2010),2005 - 07,5.00866080931611,4.69679256171171,5.33579352425071,960,191668,,,Same,Not compared
92196,4.01 - Infant mortality,,,E92000001,England,Country,Persons,< 1 yr,County & UA deprivation deciles in England (IMD2010),Fourth less deprived decile (IMD2010),2005 - 07,4.4364949211634,4.17509703266109,4.70997134612307,1074,242083,,,Better,Not compared
92196,4.01 - Infant mortality,,,E92000001,England,Country,Persons,< 1 yr,County & UA deprivation deciles in England (IMD2010),Third less deprived decile (IMD2010),2005 - 07,4.39325119794117,4.11316501992193,4.68738842005148,915,208274,,,Better,Not compared
92196,4.01 - Infant mortality,,,E92000001,England,Country,Persons,< 1 yr,County & UA deprivation deciles in England (IMD2010),Second least deprived decile (IMD2010),2005 - 07,4.12996564230775,3.85225414136552,4.42240740864707,821,198791,,,Better,Not compared
92196,4.01 - Infant mortality,,,E92000001,England,Country,Persons,< 1 yr,County & UA deprivation deciles in England (IMD2010),Least deprived decile (IMD2010),2005 - 07,3.45554644488696,3.21528879141064,3.70900189299435,767,221962,,,Better,Not compared
92196,4.01 - Infant mortality,,,E92000001,England,Country,Persons,< 1 yr,District & UA deprivation deciles in England (IMD2010),Most deprived decile (IMD2010),2005 - 07,6.59704570872489,6.32848201331939,6.87407655912514,2271,344245,,,Worse,Not compared
92196,4.01 - Infant mortality,,,E92000001,England,Country,Persons,< 1 yr,District & UA deprivation deciles in England (IMD2010),Second most deprived decile (IMD2010),2005 - 07,5.30484679112993,5.04838358585565,5.57096270451552,1604,302365,,,Worse,Not compared
92196,4.01 - Infant mortality,,,E92000001,England,Country,Persons,< 1 yr,District & UA deprivation deciles in England (IMD2010),Third more deprived decile (IMD2010),2005 - 07,5.11373248642746,4.84256286351344,5.39613315689193,1330,260084,,,Same,Not compared
92196,4.01 - Infant mortality,,,E92000001,England,Country,Persons,< 1 yr,District & UA deprivation deciles in England (IMD2010),Fourth more deprived decile (IMD2010),2005 - 07,4.78650300933605,4.46211014753905,5.12824406515213,808,168808,,,Same,Not compared
92196,4.01 - Infant mortality,,,E92000001,England,Country,Persons,< 1 yr,District & UA deprivation deciles in England (IMD2010),Fifth more deprived decile (IMD2010),2005 - 07,5.03337143699989,4.69450633809279,5.39023305293703,819,162714,,,Same,Not compared
92196,4.01 - Infant mortality,,,E92000001,England,Country,Persons,< 1 yr,District & UA deprivation deciles in England (IMD2010),Fifth less deprived decile (IMD2010),2005 - 07,4.13202475464149,3.82298286628571,4.45939567199308,661,159970,,,Better,Not compared
92196,4.01 - Infant mortality,,,E92000001,England,Country,Persons,< 1 yr,District & UA deprivation deciles in England (IMD2010),Fourth less deprived decile (IMD2010),2005 - 07,4.07447229924735,3.74847463110942,4.42122969593958,576,141368,,,Better,Not compared
92196,4.01 - Infant mortality,,,E92000001,England,Country,Persons,< 1 yr,District & UA deprivation deciles in England (IMD2010),Third less deprived decile (IMD2010),2005 - 07,4.26610823627144,3.89778414580807,4.65985591162822,493,115562,,,Better,Not compared
92196,4.01 - Infant mortality,,,E92000001,England,Country,Persons,< 1 yr,District & UA deprivation deciles in England (IMD2010),Second least deprived decile (IMD2010),2005 - 07,3.62908271805781,3.31575766456287,3.96403504574691,493,135847,,,Better,Not compared
92196,4.01 - Infant mortality,,,E92000001,England,Country,Persons,< 1 yr,District & UA deprivation deciles in England (IMD2010),Least deprived decile (IMD2010),2005 - 07,3.02200229742865,2.71016370046568,3.35987832781887,342,113170,,,Better,Not compared
92196,4.01 - Infant mortality,,,E92000001,England,Country,Persons,< 1 yr,,,2006 - 08,4.83880658725382,4.74200241434717,4.93708961125528,9503,1963914,,,Not compared,Not compared
92196,4.01 - Infant mortality,,,E92000001,England,Country,Persons,< 1 yr,County & UA deprivation deciles in England (IMD2010),Most deprived decile (IMD2010),2006 - 08,6.42197577838615,6.08805351601506,6.76944958220306,1384,215510,,,Worse,Not compared
92196,4.01 - Infant mortality,,,E92000001,England,Country,Persons,< 1 yr,County & UA deprivation deciles in England (IMD2010),Second most deprived decile (IMD2010),2006 - 08,6.23881392721595,5.8548483997478,6.64134575260477,983,157562,,,Worse,Not compared
92196,4.01 - Infant mortality,,,E92000001,England,Country,Persons,< 1 yr,County & UA deprivation deciles in England (IMD2010),Third more deprived decile (IMD2010),2006 - 08,5.44151038322267,5.07582538608614,5.82657975953555,822,151061,,,Worse,Not compared
92196,4.01 - Infant mortality,,,E92000001,England,Country,Persons,< 1 yr,County & UA deprivation deciles in England (IMD2010),Fourth more deprived decile (IMD2010),2006 - 08,5.17371411332898,4.86238700483916,5.49974606532992,1029,198890,,,Worse,Not compared
92196,4.01 - Infant mortality,,,E92000001,England,Country,Persons,< 1 yr,County & UA deprivation deciles in England (IMD2010),Fifth more deprived decile (IMD2010),2006 - 08,4.813959102038,4.46340419704693,5.18472910669547,698,144995,,,Same,Not compared
92196,4.01 - Infant mortality,,,E92000001,England,Country,Persons,< 1 yr,County & UA deprivation deciles in England (IMD2010),Fifth less deprived decile (IMD2010),2006 - 08,4.80084090518592,4.50036879509334,5.11609896630761,950,197882,,,Same,Not compared
92196,4.01 - Infant mortality,,,E92000001,England,Country,Persons,< 1 yr,County & UA deprivation deciles in England (IMD2010),Fourth less deprived decile (IMD2010),2006 - 08,4.49519086564418,4.23620454616388,4.76586845946952,1124,250045,,,Better,Not compared
92196,4.01 - Infant mortality,,,E92000001,England,Country,Persons,< 1 yr,County & UA deprivation deciles in England (IMD2010),Third less deprived decile (IMD2010),2006 - 08,4.34187970136111,4.06683684048782,4.63062856908417,927,213502,,,Better,Not compared
92196,4.01 - Infant mortality,,,E92000001,England,Country,Persons,< 1 yr,County & UA deprivation deciles in England (IMD2010),Second least deprived decile (IMD2010),2006 - 08,3.93463059272678,3.66797118070946,4.21555067370907,808,205356,,,Better,Not compared
92196,4.01 - Infant mortality,,,E92000001,England,Country,Persons,< 1 yr,County & UA deprivation deciles in England (IMD2010),Least deprived decile (IMD2010),2006 - 08,3.39573394555477,3.16128008739724,3.64297270662161,778,229111,,,Better,Not compared
92196,4.01 - Infant mortality,,,E92000001,England,Country,Persons,< 1 yr,District & UA deprivation deciles in England (IMD2010),Most deprived decile (IMD2010),2006 - 08,6.35137307548037,6.09173346378131,6.61923354556492,2252,354569,,,Worse,Not compared
92196,4.01 - Infant mortality,,,E92000001,England,Country,Persons,< 1 yr,District & UA deprivation deciles in England (IMD2010),Second most deprived decile (IMD2010),2006 - 08,5.39406748499605,5.13970889787811,5.65775630032615,1687,312751,,,Worse,Not compared
92196,4.01 - Infant mortality,,,E92000001,England,Country,Persons,< 1 yr,District & UA deprivation deciles in England (IMD2010),Third more deprived decile (IMD2010),2006 - 08,5.09468458291218,4.82854096340092,5.3716813142489,1371,269104,,,Same,Not compared
92196,4.01 - Infant mortality,,,E92000001,England,Country,Persons,< 1 yr,District & UA deprivation deciles in England (IMD2010),Fourth more deprived decile (IMD2010),2006 - 08,4.52457549847747,4.21432889244508,4.85161820066522,789,174381,,,Same,Not compared
92196,4.01 - Infant mortality,,,E92000001,England,Country,Persons,< 1 yr,District & UA deprivation deciles in England (IMD2010),Fifth more deprived decile (IMD2010),2006 - 08,4.96115155960239,4.62972309724128,5.31003958362544,832,167703,,,Same,Not compared
92196,4.01 - Infant mortality,,,E92000001,England,Country,Persons,< 1 yr,District & UA deprivation deciles in England (IMD2010),Fifth less deprived decile (IMD2010),2006 - 08,4.1244867136939,3.82026577437036,4.44648884761876,680,164869,,,Better,Not compared
92196,4.01 - Infant mortality,,,E92000001,England,Country,Persons,< 1 yr,District & UA deprivation deciles in England (IMD2010),Fourth less deprived decile (IMD2010),2006 - 08,3.89102388141642,3.57729447168409,4.22489519356514,567,145720,,,Better,Not compared
92196,4.01 - Infant mortality,,,E92000001,England,Country,Persons,< 1 yr,District & UA deprivation deciles in England (IMD2010),Third less deprived decile (IMD2010),2006 - 08,3.87126157583118,3.52515398477894,4.2421618773468,459,118566,,,Better,Not compared
92196,4.01 - Infant mortality,,,E92000001,England,Country,Persons,< 1 yr,District & UA deprivation deciles in England (IMD2010),Second least deprived decile (IMD2010),2006 - 08,3.51891056817532,3.21479585139536,3.84403893315047,492,139816,,,Better,Not compared
92196,4.01 - Infant mortality,,,E92000001,England,Country,Persons,< 1 yr,District & UA deprivation deciles in England (IMD2010),Least deprived decile (IMD2010),2006 - 08,3.21209258384506,2.89475734087945,3.55471570817398,374,116435,,,Better,Not compared
92196,4.01 - Infant mortality,,,E92000001,England,Country,Persons,< 1 yr,,,2007 - 09,4.71232838341276,4.61764717376925,4.80846234663905,9421,1999224,,,Not compared,Not compared
92196,4.01 - Infant mortality,,,E92000001,England,Country,Persons,< 1 yr,County & UA deprivation deciles in England (IMD2010),Most deprived decile (IMD2010),2007 - 09,6.28735967342178,5.95996985563539,6.62805559628776,1380,219488,,,Worse,Not compared
92196,4.01 - Infant mortality,,,E92000001,England,Country,Persons,< 1 yr,County & UA deprivation deciles in England (IMD2010),Second most deprived decile (IMD2010),2007 - 09,6.02055616685006,5.64625648223253,6.41314672203048,963,159952,,,Worse,Not compared
92196,4.01 - Infant mortality,,,E92000001,England,Country,Persons,< 1 yr,County & UA deprivation deciles in England (IMD2010),Third more deprived decile (IMD2010),2007 - 09,5.2795636080265,4.92283759491562,5.6553065016214,813,153990,,,Worse,Not compared
92196,4.01 - Infant mortality,,,E92000001,England,Country,Persons,< 1 yr,County & UA deprivation deciles in England (IMD2010),Fourth more deprived decile (IMD2010),2007 - 09,5.01176632762576,4.70858463827093,5.32934728759635,1018,203122,,,Same,Not compared
92196,4.01 - Infant mortality,,,E92000001,England,Country,Persons,< 1 yr,County & UA deprivation deciles in England (IMD2010),Fifth more deprived decile (IMD2010),2007 - 09,4.51327854054825,4.17671904449071,4.86973706105313,665,147343,,,Same,Not compared
92196,4.01 - Infant mortality,,,E92000001,England,Country,Persons,< 1 yr,County & UA deprivation deciles in England (IMD2010),Fifth less deprived decile (IMD2010),2007 - 09,4.57867307483114,4.2884761685932,4.8833391664744,926,202242,,,Same,Not compared
92196,4.01 - Infant mortality,,,E92000001,England,Country,Persons,< 1 yr,County & UA deprivation deciles in England (IMD2010),Fourth less deprived decile (IMD2010),2007 - 09,4.41880012883257,4.16432649566879,4.68475609021942,1125,254594,,,Better,Not compared
92196,4.01 - Infant mortality,,,E92000001,England,Country,Persons,< 1 yr,County & UA deprivation deciles in England (IMD2010),Third less deprived decile (IMD2010),2007 - 09,4.22994340151818,3.96099050818741,4.51235110249709,920,217497,,,Better,Not compared
92196,4.01 - Infant mortality,,,E92000001,England,Country,Persons,< 1 yr,County & UA deprivation deciles in England (IMD2010),Second least deprived decile (IMD2010),2007 - 09,3.82815415976801,3.56743966932865,4.10288296355398,800,208978,,,Better,Not compared
92196,4.01 - Infant mortality,,,E92000001,England,Country,Persons,< 1 yr,County & UA deprivation deciles in England (IMD2010),Least deprived decile (IMD2010),2007 - 09,3.49541845891267,3.25895641266985,3.7445021600033,811,232018,,,Better,Not compared
92196,4.01 - Infant mortality,,,E92000001,England,Country,Persons,< 1 yr,District & UA deprivation deciles in England (IMD2010),Most deprived decile (IMD2010),2007 - 09,6.25429324824392,5.99895858739387,6.51770152676895,2258,361032,,,Worse,Not compared
92196,4.01 - Infant mortality,,,E92000001,England,Country,Persons,< 1 yr,District & UA deprivation deciles in England (IMD2010),Second most deprived decile (IMD2010),2007 - 09,5.22347298171157,4.97548286902786,5.48062363695286,1664,318562,,,Worse,Not compared
92196,4.01 - Infant mortality,,,E92000001,England,Country,Persons,< 1 yr,District & UA deprivation deciles in England (IMD2010),Third more deprived decile (IMD2010),2007 - 09,4.74299942763189,4.48873942182179,5.00790952684552,1301,274299,,,Same,Not compared
92196,4.01 - Infant mortality,,,E92000001,England,Country,Persons,< 1 yr,District & UA deprivation deciles in England (IMD2010),Fourth more deprived decile (IMD2010),2007 - 09,4.29646747360982,3.9975507379693,4.61181528969711,766,178286,,,Better,Not compared
92196,4.01 - Infant mortality,,,E92000001,England,Country,Persons,< 1 yr,District & UA deprivation deciles in England (IMD2010),Fifth more deprived decile (IMD2010),2007 - 09,4.85813884233821,4.5335921182341,5.19978259999613,832,171259,,,Same,Not compared
92196,4.01 - Infant mortality,,,E92000001,England,Country,Persons,< 1 yr,District & UA deprivation deciles in England (IMD2010),Fifth less deprived decile (IMD2010),2007 - 09,4.10412966911568,3.80378354604066,4.42188581074879,691,168367,,,Better,Not compared
92196,4.01 - Infant mortality,,,E92000001,England,Country,Persons,< 1 yr,District & UA deprivation deciles in England (IMD2010),Fourth less deprived decile (IMD2010),2007 - 09,3.82781545900208,3.51997871750546,4.15536190180358,570,148910,,,Better,Not compared
92196,4.01 - Infant mortality,,,E92000001,England,Country,Persons,< 1 yr,District & UA deprivation deciles in England (IMD2010),Third less deprived decile (IMD2010),2007 - 09,3.92784768957494,3.58107929293993,4.29912550849933,471,119913,,,Better,Not compared
92196,4.01 - Infant mortality,,,E92000001,England,Country,Persons,< 1 yr,District & UA deprivation deciles in England (IMD2010),Second least deprived decile (IMD2010),2007 - 09,3.52823651937342,3.22511689223582,3.85216978546931,498,141147,,,Better,Not compared
92196,4.01 - Infant mortality,,,E92000001,England,Country,Persons,< 1 yr,District & UA deprivation deciles in England (IMD2010),Least deprived decile (IMD2010),2007 - 09,3.15030353600286,2.83743881258306,3.48824008804042,370,117449,,,Better,Not compared
92196,4.01 - Infant mortality,,,E92000001,England,Country,Persons,< 1 yr,,,2008 - 10,4.5596132502558,4.46721145859659,4.6534451980099,9260,2030874,,,Not compared,Not compared
92196,4.01 - Infant mortality,,,E92000001,England,Country,Persons,< 1 yr,County & UA deprivation deciles in England (IMD2010),Most deprived decile (IMD2010),2008 - 10,6.15641420282962,5.8349220535116,6.49101164510695,1372,222857,,,Worse,Not compared
92196,4.01 - Infant mortality,,,E92000001,England,Country,Persons,< 1 yr,County & UA deprivation deciles in England (IMD2010),Second most deprived decile (IMD2010),2008 - 10,5.70484078868653,5.3430750192888,6.08465417125695,925,162143,,,Worse,Not compared
92196,4.01 - Infant mortality,,,E92000001,England,Country,Persons,< 1 yr,County & UA deprivation deciles in England (IMD2010),Third more deprived decile (IMD2010),2008 - 10,5.32821144384959,4.97289063890434,5.70221583424843,835,156713,,,Worse,Not compared
92196,4.01 - Infant mortality,,,E92000001,England,Country,Persons,< 1 yr,County & UA deprivation deciles in England (IMD2010),Fourth more deprived decile (IMD2010),2008 - 10,4.87209543518425,4.57621620794686,5.1820840981303,1010,207303,,,Worse,Not compared
92196,4.01 - Infant mortality,,,E92000001,England,Country,Persons,< 1 yr,County & UA deprivation deciles in England (IMD2010),Fifth more deprived decile (IMD2010),2008 - 10,4.42738289505364,4.09649596240216,4.77787916447307,662,149524,,,Same,Not compared
92196,4.01 - Infant mortality,,,E92000001,England,Country,Persons,< 1 yr,County & UA deprivation deciles in England (IMD2010),Fifth less deprived decile (IMD2010),2008 - 10,4.24658400502002,3.969520495506,4.53788658710855,873,205577,,,Better,Not compared
92196,4.01 - Infant mortality,,,E92000001,England,Country,Persons,< 1 yr,County & UA deprivation deciles in England (IMD2010),Fourth less deprived decile (IMD2010),2008 - 10,4.12976166146751,3.88610107062415,4.3846973485163,1071,259337,,,Better,Not compared
92196,4.01 - Infant mortality,,,E92000001,England,Country,Persons,< 1 yr,County & UA deprivation deciles in England (IMD2010),Third less deprived decile (IMD2010),2008 - 10,3.97776090702041,3.71852823909101,4.25030061021326,875,219973,,,Better,Not compared
92196,4.01 - Infant mortality,,,E92000001,England,Country,Persons,< 1 yr,County & UA deprivation deciles in England (IMD2010),Second least deprived decile (IMD2010),2008 - 10,3.93207632466236,3.66985915488432,4.2080814765421,835,212356,,,Better,Not compared
92196,4.01 - Infant mortality,,,E92000001,England,Country,Persons,< 1 yr,County & UA deprivation deciles in England (IMD2010),Least deprived decile (IMD2010),2008 - 10,3.41144492983568,3.17939499470999,3.65595234155095,802,235091,,,Better,Not compared
92196,4.01 - Infant mortality,,,E92000001,England,Country,Persons,< 1 yr,District & UA deprivation deciles in England (IMD2010),Most deprived decile (IMD2010),2008 - 10,6.00957930215739,5.76116754872529,6.26594676837308,2202,366415,,,Worse,Not compared
92196,4.01 - Infant mortality,,,E92000001,England,Country,Persons,< 1 yr,District & UA deprivation deciles in England (IMD2010),Second most deprived decile (IMD2010),2008 - 10,5.17968378616981,4.93478824315809,5.43358698268996,1678,323958,,,Worse,Not compared
92196,4.01 - Infant mortality,,,E92000001,England,Country,Persons,< 1 yr,District & UA deprivation deciles in England (IMD2010),Third more deprived decile (IMD2010),2008 - 10,4.57559563173605,4.32833347012287,4.83330133728206,1280,279745,,,Same,Not compared
92196,4.01 - Infant mortality,,,E92000001,England,Country,Persons,< 1 yr,District & UA deprivation deciles in England (IMD2010),Fourth more deprived decile (IMD2010),2008 - 10,3.97809293971151,3.6931716312814,4.27916066135942,722,181494,,,Better,Not compared
92196,4.01 - Infant mortality,,,E92000001,England,Country,Persons,< 1 yr,District & UA deprivation deciles in England (IMD2010),Fifth more deprived decile (IMD2010),2008 - 10,4.43408170397062,4.12716060211443,4.75778386360835,774,174557,,,Same,Not compared
92196,4.01 - Infant mortality,,,E92000001,England,Country,Persons,< 1 yr,District & UA deprivation deciles in England (IMD2010),Fifth less deprived decile (IMD2010),2008 - 10,4.02607026367843,3.73122726384749,4.33801705524313,690,171383,,,Better,Not compared
92196,4.01 - Infant mortality,,,E92000001,England,Country,Persons,< 1 yr,District & UA deprivation deciles in England (IMD2010),Fourth less deprived decile (IMD2010),2008 - 10,3.89424605277101,3.58579814339036,4.22212777527698,588,150992,,,Better,Not compared
92196,4.01 - Infant mortality,,,E92000001,England,Country,Persons,< 1 yr,District & UA deprivation deciles in England (IMD2010),Third less deprived decile (IMD2010),2008 - 10,3.82006897575948,3.47998224480107,4.18440760573272,463,121202,,,Better,Not compared
92196,4.01 - Infant mortality,,,E92000001,England,Country,Persons,< 1 yr,District & UA deprivation deciles in England (IMD2010),Second least deprived decile (IMD2010),2008 - 10,3.43122837975995,3.13410054378862,3.7489305086415,490,142806,,,Better,Not compared
92196,4.01 - Infant mortality,,,E92000001,England,Country,Persons,< 1 yr,District & UA deprivation deciles in England (IMD2010),Least deprived decile (IMD2010),2008 - 10,3.1524145974544,2.84056885998985,3.48914548519292,373,118322,,,Better,Not compared
92196,4.01 - Infant mortality,,,E92000001,England,Country,Persons,< 1 yr,,,2009 - 11,4.42872956257621,4.33800996585065,4.52086866779255,9062,2046185,,,Not compared,Not compared
92196,4.01 - Infant mortality,,,E92000001,England,Country,Persons,< 1 yr,County & UA deprivation deciles in England (IMD2010),Most deprived decile (IMD2010),2009 - 11,6.09254441553821,5.77415854136741,6.42391863981557,1370,224865,,,Worse,Not compared
92196,4.01 - Infant mortality,,,E92000001,England,Country,Persons,< 1 yr,County & UA deprivation deciles in England (IMD2010),Second most deprived decile (IMD2010),2009 - 11,5.61338860740058,5.25532160372642,5.98942880077933,914,162825,,,Worse,Not compared
92196,4.01 - Infant mortality,,,E92000001,England,Country,Persons,< 1 yr,County & UA deprivation deciles in England (IMD2010),Third more deprived decile (IMD2010),2009 - 11,4.88429919821374,4.5453533729019,5.24182655330213,770,157648,,,Worse,Not compared
92196,4.01 - Infant mortality,,,E92000001,England,Country,Persons,< 1 yr,County & UA deprivation deciles in England (IMD2010),Fourth more deprived decile (IMD2010),2009 - 11,4.65434110490426,4.36659196909126,4.95606991767772,974,209267,,,Same,Not compared
92196,4.01 - Infant mortality,,,E92000001,England,Country,Persons,< 1 yr,County & UA deprivation deciles in England (IMD2010),Fifth more deprived decile (IMD2010),2009 - 11,4.40666042832208,4.07780897972225,4.75497026959567,664,150681,,,Same,Not compared
92196,4.01 - Infant mortality,,,E92000001,England,Country,Persons,< 1 yr,County & UA deprivation deciles in England (IMD2010),Fifth less deprived decile (IMD2010),2009 - 11,4.18200147600052,3.90822498725319,4.46989807384144,867,207317,,,Same,Not compared
92196,4.01 - Infant mortality,,,E92000001,England,Country,Persons,< 1 yr,County & UA deprivation deciles in England (IMD2010),Fourth less deprived decile (IMD2010),2009 - 11,3.97482736854186,3.7367790815837,4.22406370804086,1039,261395,,,Better,Not compared
92196,4.01 - Infant mortality,,,E92000001,England,Country,Persons,< 1 yr,County & UA deprivation deciles in England (IMD2010),Third less deprived decile (IMD2010),2009 - 11,3.85696777449355,3.60288002892787,4.12424647860673,856,221936,,,Better,Not compared
92196,4.01 - Infant mortality,,,E92000001,England,Country,Persons,< 1 yr,County & UA deprivation deciles in England (IMD2010),Second least deprived decile (IMD2010),2009 - 11,3.7761484223102,3.51991796625228,4.04609930288311,806,213445,,,Better,Not compared
92196,4.01 - Infant mortality,,,E92000001,England,Country,Persons,< 1 yr,County & UA deprivation deciles in England (IMD2010),Least deprived decile (IMD2010),2009 - 11,3.38673851169312,3.15636913212235,3.62947514812781,802,236806,,,Better,Not compared
92196,4.01 - Infant mortality,,,E92000001,England,Country,Persons,< 1 yr,District & UA deprivation deciles in England (IMD2010),Most deprived decile (IMD2010),2009 - 11,5.92869303087149,5.6827946202736,6.18249409738087,2187,368884,,,Worse,Not compared
92196,4.01 - Infant mortality,,,E92000001,England,Country,Persons,< 1 yr,District & UA deprivation deciles in England (IMD2010),Second most deprived decile (IMD2010),2009 - 11,4.87246245102976,4.63566017378913,5.11822603824344,1587,325708,,,Worse,Not compared
92196,4.01 - Infant mortality,,,E92000001,England,Country,Persons,< 1 yr,District & UA deprivation deciles in England (IMD2010),Third more deprived decile (IMD2010),2009 - 11,4.42042178191169,4.17854455713859,4.67264829719221,1248,282326,,,Same,Not compared
92196,4.01 - Infant mortality,,,E92000001,England,Country,Persons,< 1 yr,District & UA deprivation deciles in England (IMD2010),Fourth more deprived decile (IMD2010),2009 - 11,3.9705914435936,3.68736007489476,4.26980514655162,728,183348,,,Better,Not compared
92196,4.01 - Infant mortality,,,E92000001,England,Country,Persons,< 1 yr,District & UA deprivation deciles in England (IMD2010),Fifth more deprived decile (IMD2010),2009 - 11,4.49222521325292,4.18457961333336,4.81650440781227,791,176082,,,Same,Not compared
92196,4.01 - Infant mortality,,,E92000001,England,Country,Persons,< 1 yr,District & UA deprivation deciles in England (IMD2010),Fifth less deprived decile (IMD2010),2009 - 11,3.79914677735501,3.51457897721532,4.10061848361432,659,173460,,,Better,Not compared
92196,4.01 - Infant mortality,,,E92000001,England,Country,Persons,< 1 yr,District & UA deprivation deciles in England (IMD2010),Fourth less deprived decile (IMD2010),2009 - 11,3.75422596116047,3.45308223535076,4.07459857061942,573,152628,,,Better,Not compared
92196,4.01 - Infant mortality,,,E92000001,England,Country,Persons,< 1 yr,District & UA deprivation deciles in England (IMD2010),Third less deprived decile (IMD2010),2009 - 11,3.66318417767265,3.33105344360561,4.01946416822484,446,121752,,,Better,Not compared
92196,4.01 - Infant mortality,,,E92000001,England,Country,Persons,< 1 yr,District & UA deprivation deciles in England (IMD2010),Second least deprived decile (IMD2010),2009 - 11,3.38085113798752,3.08661475272173,3.69557029089497,485,143455,,,Better,Not compared
92196,4.01 - Infant mortality,,,E92000001,England,Country,Persons,< 1 yr,District & UA deprivation deciles in England (IMD2010),Least deprived decile (IMD2010),2009 - 11,3.02002665721854,2.71524757373884,3.34965337120743,358,118542,,,Better,Not compared
92196,4.01 - Infant mortality,,,E92000001,England,Country,Persons,< 1 yr,,,2010 - 12,4.26313734434861,4.17463602767097,4.35304233375705,8822,2069368,,,Not compared,Not compared
92196,4.01 - Infant mortality,,,E92000001,England,Country,Persons,< 1 yr,County & UA deprivation deciles in England (IMD2010),Most deprived decile (IMD2010),2010 - 12,5.8186406814119,5.50986227247878,6.14021762758849,1328,228232,,,Worse,Not compared
92196,4.01 - Infant mortality,,,E92000001,England,Country,Persons,< 1 yr,County & UA deprivation deciles in England (IMD2010),Second most deprived decile (IMD2010),2010 - 12,5.17818323929557,4.83547907909122,5.53876497814761,848,163764,,,Worse,Not compared
92196,4.01 - Infant mortality,,,E92000001,England,Country,Persons,< 1 yr,County & UA deprivation deciles in England (IMD2010),Third more deprived decile (IMD2010),2010 - 12,4.69569267761489,4.36472974670998,5.04509781835655,746,158869,,,Worse,Not compared
92196,4.01 - Infant mortality,,,E92000001,England,Country,Persons,< 1 yr,County & UA deprivation deciles in England (IMD2010),Fourth more deprived decile (IMD2010),2010 - 12,4.45807944429521,4.1784801134132,4.75146743458721,946,212199,,,Same,Not compared
92196,4.01 - Infant mortality,,,E92000001,England,Country,Persons,< 1 yr,County & UA deprivation deciles in England (IMD2010),Fifth more deprived decile (IMD2010),2010 - 12,4.22767239839362,3.90618626306095,4.56856172345539,639,151147,,,Same,Not compared
92196,4.01 - Infant mortality,,,E92000001,England,Country,Persons,< 1 yr,County & UA deprivation deciles in England (IMD2010),Fifth less deprived decile (IMD2010),2010 - 12,4.23841816519354,3.96449700776004,4.52627806230594,890,209984,,,Same,Not compared
92196,4.01 - Infant mortality,,,E92000001,England,Country,Persons,< 1 yr,County & UA deprivation deciles in England (IMD2010),Fourth less deprived decile (IMD2010),2010 - 12,3.74092137647787,3.51160424881617,3.98128089775438,991,264908,,,Better,Not compared
92196,4.01 - Infant mortality,,,E92000001,England,Country,Persons,< 1 yr,County & UA deprivation deciles in England (IMD2010),Third less deprived decile (IMD2010),2010 - 12,3.81499287749288,3.56381452012803,4.07920332765803,857,224640,,,Better,Not compared
92196,4.01 - Infant mortality,,,E92000001,England,Country,Persons,< 1 yr,County & UA deprivation deciles in England (IMD2010),Second least deprived decile (IMD2010),2010 - 12,3.72055525696388,3.46763418941725,3.98704555285625,803,215828,,,Better,Not compared
92196,4.01 - Infant mortality,,,E92000001,England,Country,Persons,< 1 yr,County & UA deprivation deciles in England (IMD2010),Least deprived decile (IMD2010),2010 - 12,3.22773012172796,3.00431103484734,3.46336475385381,774,239797,,,Better,Not compared
92196,4.01 - Infant mortality,,,E92000001,England,Country,Persons,< 1 yr,District & UA deprivation deciles in England (IMD2010),Most deprived decile (IMD2010),2010 - 12,5.586816828007,5.34950181082653,5.83194821491053,2084,373021,,,Worse,Not compared
92196,4.01 - Infant mortality,,,E92000001,England,Country,Persons,< 1 yr,District & UA deprivation deciles in England (IMD2010),Second most deprived decile (IMD2010),2010 - 12,4.73760711310049,4.50525247747458,4.97883790711863,1558,328858,,,Worse,Not compared
92196,4.01 - Infant mortality,,,E92000001,England,Country,Persons,< 1 yr,District & UA deprivation deciles in England (IMD2010),Third more deprived decile (IMD2010),2010 - 12,4.29384630483855,4.05673066156261,4.54120454071688,1225,285292,,,Same,Not compared
92196,4.01 - Infant mortality,,,E92000001,England,Country,Persons,< 1 yr,District & UA deprivation deciles in England (IMD2010),Fourth more deprived decile (IMD2010),2010 - 12,3.88352652217004,3.60518905759122,4.17764856673655,721,185656,,,Better,Not compared
92196,4.01 - Infant mortality,,,E92000001,England,Country,Persons,< 1 yr,District & UA deprivation deciles in England (IMD2010),Fifth more deprived decile (IMD2010),2010 - 12,4.24350318542653,3.94674553644106,4.55666166602482,758,178626,,,Same,Not compared
92196,4.01 - Infant mortality,,,E92000001,England,Country,Persons,< 1 yr,District & UA deprivation deciles in England (IMD2010),Fifth less deprived decile (IMD2010),2010 - 12,3.73510371175931,3.45470638588866,4.03219647988962,656,175631,,,Better,Not compared
92196,4.01 - Infant mortality,,,E92000001,England,Country,Persons,< 1 yr,District & UA deprivation deciles in England (IMD2010),Fourth less deprived decile (IMD2010),2010 - 12,3.55673247919831,3.26513280614896,3.86738645021847,548,154074,,,Better,Not compared
92196,4.01 - Infant mortality,,,E92000001,England,Country,Persons,< 1 yr,District & UA deprivation deciles in England (IMD2010),Third less deprived decile (IMD2010),2010 - 12,3.57531730941121,3.24900321543453,3.92552532053464,440,123066,,,Better,Not compared
92196,4.01 - Infant mortality,,,E92000001,England,Country,Persons,< 1 yr,District & UA deprivation deciles in England (IMD2010),Second least deprived decile (IMD2010),2010 - 12,3.27044370851827,2.98319944016976,3.57787929445577,476,145546,,,Better,Not compared
92196,4.01 - Infant mortality,,,E92000001,England,Country,Persons,< 1 yr,District & UA deprivation deciles in England (IMD2010),Least deprived decile (IMD2010),2010 - 12,2.9766384053245,2.67541791526659,3.30248831726578,356,119598,,,Better,Not compared
92196,4.01 - Infant mortality,,,E92000001,England,Country,Persons,< 1 yr,LSOA11 deprivation deciles within area (IMD2015),Most deprived decile,2010 - 12,6.03429770792091,5.75649908713853,6.32203697920993,1771,293489,,,Worse,Not compared
92196,4.01 - Infant mortality,,,E92000001,England,Country,Persons,< 1 yr,LSOA11 deprivation deciles within area (IMD2015),Second most deprived decile,2010 - 12,5.2189267115174,4.94918881251475,5.49954327621856,1401,268446,,,Worse,Not compared
92196,4.01 - Infant mortality,,,E92000001,England,Country,Persons,< 1 yr,LSOA11 deprivation deciles within area (IMD2015),Third more deprived decile,2010 - 12,4.93294280869431,4.65954289031292,5.21819733442937,1216,246506,,,Worse,Not compared
92196,4.01 - Infant mortality,,,E92000001,England,Country,Persons,< 1 yr,LSOA11 deprivation deciles within area (IMD2015),Fourth more deprived decile,2010 - 12,4.20320572854819,3.93848782813727,4.48103545015048,938,223163,,,Same,Not compared
92196,4.01 - Infant mortality,,,E92000001,England,Country,Persons,< 1 yr,LSOA11 deprivation deciles within area (IMD2015),Fifth more deprived decile,2010 - 12,3.86921255478865,3.60036552794872,4.15281793831858,768,198490,,,Better,Not compared
92196,4.01 - Infant mortality,,,E92000001,England,Country,Persons,< 1 yr,LSOA11 deprivation deciles within area (IMD2015),Fifth less deprived decile,2010 - 12,3.78671687416042,3.51438951691922,4.0745434701767,716,189082,,,Better,Not compared
92196,4.01 - Infant mortality,,,E92000001,England,Country,Persons,< 1 yr,LSOA11 deprivation deciles within area (IMD2015),Fourth less deprived decile,2010 - 12,3.28547795606252,3.02080151609207,3.56713153917585,568,172882,,,Better,Not compared
92196,4.01 - Infant mortality,,,E92000001,England,Country,Persons,< 1 yr,LSOA11 deprivation deciles within area (IMD2015),Third less deprived decile,2010 - 12,3.11370324285116,2.85373984748599,3.39098391233742,528,169573,,,Better,Not compared
92196,4.01 - Infant mortality,,,E92000001,England,Country,Persons,< 1 yr,LSOA11 deprivation deciles within area (IMD2015),Second least deprived decile,2010 - 12,3.23646667121343,2.96473915741064,3.52640260676237,522,161287,,,Better,Not compared
92196,4.01 - Infant mortality,,,E92000001,England,Country,Persons,< 1 yr,LSOA11 deprivation deciles within area (IMD2015),Least deprived decile,2010 - 12,2.69037474052223,2.4312425055722,2.96960367743744,394,146448,,,Better,Not compared
92196,4.01 - Infant mortality,,,E92000001,England,Country,Persons,< 1 yr,,,2011 - 13,4.13654355560028,4.0488979820304,4.22560832997268,8467,2046878,,,Not compared,Not compared
92196,4.01 - Infant mortality,,,E92000001,England,Country,Persons,< 1 yr,County & UA deprivation deciles in England (IMD2010),Most deprived decile (IMD2010),2011 - 13,5.70798326712834,5.40176071953048,6.02704254013198,1299,227576,,,Worse,Not compared
92196,4.01 - Infant mortality,,,E92000001,England,Country,Persons,< 1 yr,County & UA deprivation deciles in England (IMD2010),Second most deprived decile (IMD2010),2011 - 13,4.58409116216918,4.25992581660398,4.92638262467154,741,161646,,,Worse,Not compared
92196,4.01 - Infant mortality,,,E92000001,England,Country,Persons,< 1 yr,County & UA deprivation deciles in England (IMD2010),Third more deprived decile (IMD2010),2011 - 13,4.43492986548231,4.11106427055137,4.77752692543938,694,156485,,,Same,Not compared
92196,4.01 - Infant mortality,,,E92000001,England,Country,Persons,< 1 yr,County & UA deprivation deciles in England (IMD2010),Fourth more deprived decile (IMD2010),2011 - 13,4.15463029501206,3.88356619998685,4.43962513583697,873,210127,,,Same,Not compared
92196,4.01 - Infant mortality,,,E92000001,England,Country,Persons,< 1 yr,County & UA deprivation deciles in England (IMD2010),Fifth more deprived decile (IMD2010),2011 - 13,4.38195601914081,4.05201110605647,4.73160866080516,652,148792,,,Same,Not compared
92196,4.01 - Infant mortality,,,E92000001,England,Country,Persons,< 1 yr,County & UA deprivation deciles in England (IMD2010),Fifth less deprived decile (IMD2010),2011 - 13,4.2222200922083,3.94797878857289,4.51048950482713,881,208658,,,Same,Not compared
92196,4.01 - Infant mortality,,,E92000001,England,Country,Persons,< 1 yr,County & UA deprivation deciles in England (IMD2010),Fourth less deprived decile (IMD2010),2011 - 13,3.7035764330359,3.47414309283537,3.94417986976352,970,261909,,,Better,Not compared
92196,4.01 - Infant mortality,,,E92000001,England,Country,Persons,< 1 yr,County & UA deprivation deciles in England (IMD2010),Third less deprived decile (IMD2010),2011 - 13,3.77702936640332,3.52588964780324,4.04133410612877,840,222397,,,Better,Not compared
92196,4.01 - Infant mortality,,,E92000001,England,Country,Persons,< 1 yr,County & UA deprivation deciles in England (IMD2010),Second least deprived decile (IMD2010),2011 - 13,3.55716571793271,3.30840517991056,3.81967444310342,758,213091,,,Better,Not compared
92196,4.01 - Infant mortality,,,E92000001,England,Country,Persons,< 1 yr,County & UA deprivation deciles in England (IMD2010),Least deprived decile (IMD2010),2011 - 13,3.21341930676512,2.98884313437581,3.45039865054427,759,236197,,,Better,Not compared
92196,4.01 - Infant mortality,,,E92000001,England,Country,Persons,< 1 yr,District & UA deprivation deciles in England (IMD2010),Most deprived decile (IMD2010),2011 - 13,5.30745174859894,5.07546866382981,5.54730371234549,1967,370611,,,Worse,Not compared
92196,4.01 - Infant mortality,,,E92000001,England,Country,Persons,< 1 yr,District & UA deprivation deciles in England (IMD2010),Second most deprived decile (IMD2010),2011 - 13,4.4153710296276,4.18984879397596,4.64987793281819,1435,325001,,,Worse,Not compared
92196,4.01 - Infant mortality,,,E92000001,England,Country,Persons,< 1 yr,District & UA deprivation deciles in England (IMD2010),Third more deprived decile (IMD2010),2011 - 13,4.24332155026459,4.00640766492116,4.49058672981899,1198,282326,,,Same,Not compared
92196,4.01 - Infant mortality,,,E92000001,England,Country,Persons,< 1 yr,District & UA deprivation deciles in England (IMD2010),Fourth more deprived decile (IMD2010),2011 - 13,3.85786469644553,3.57869328650696,4.15302881372113,707,183262,,,Same,Not compared
92196,4.01 - Infant mortality,,,E92000001,England,Country,Persons,< 1 yr,District & UA deprivation deciles in England (IMD2010),Fifth more deprived decile (IMD2010),2011 - 13,4.21451603778922,3.91727185330838,4.52833497540757,745,176770,,,Same,Not compared
92196,4.01 - Infant mortality,,,E92000001,England,Country,Persons,< 1 yr,District & UA deprivation deciles in England (IMD2010),Fifth less deprived decile (IMD2010),2011 - 13,3.71928856390623,3.43818119024531,4.01725344199034,647,173958,,,Better,Not compared
92196,4.01 - Infant mortality,,,E92000001,England,Country,Persons,< 1 yr,District & UA deprivation deciles in England (IMD2010),Fourth less deprived decile (IMD2010),2011 - 13,3.34707673288486,3.06257577792379,3.6508928535392,509,152073,,,Better,Not compared
92196,4.01 - Infant mortality,,,E92000001,England,Country,Persons,< 1 yr,District & UA deprivation deciles in England (IMD2010),Third less deprived decile (IMD2010),2011 - 13,3.56383284474335,3.23638026951799,3.91543444127838,434,121779,,,Better,Not compared
92196,4.01 - Infant mortality,,,E92000001,England,Country,Persons,< 1 yr,District & UA deprivation deciles in England (IMD2010),Second least deprived decile (IMD2010),2011 - 13,3.21565837291872,2.92877427363053,3.52304648148142,461,143361,,,Better,Not compared
92196,4.01 - Infant mortality,,,E92000001,England,Country,Persons,< 1 yr,District & UA deprivation deciles in England (IMD2010),Least deprived decile (IMD2010),2011 - 13,3.09163644393861,2.78214447127145,3.42614238368244,364,117737,,,Better,Not compared
92196,4.01 - Infant mortality,,,E92000001,England,Country,Persons,< 1 yr,LSOA11 deprivation deciles within area (IMD2015),Most deprived decile,2011 - 13,5.78140235183864,5.50805754416849,6.0648012229088,1678,290241,,,Worse,Not compared
92196,4.01 - Infant mortality,,,E92000001,England,Country,Persons,< 1 yr,LSOA11 deprivation deciles within area (IMD2015),Second most deprived decile,2011 - 13,5.23391154163851,4.96272978892437,5.51605822327094,1394,266340,,,Worse,Not compared
92196,4.01 - Infant mortality,,,E92000001,England,Country,Persons,< 1 yr,LSOA11 deprivation deciles within area (IMD2015),Third more deprived decile,2011 - 13,4.59892174481294,4.33419101012577,4.87559219142074,1126,244840,,,Worse,Not compared
92196,4.01 - Infant mortality,,,E92000001,England,Country,Persons,< 1 yr,LSOA11 deprivation deciles within area (IMD2015),Fourth more deprived decile,2011 - 13,4.1417977934527,3.87788451934999,4.41894334160516,916,221160,,,Same,Not compared
92196,4.01 - Infant mortality,,,E92000001,England,Country,Persons,< 1 yr,LSOA11 deprivation deciles within area (IMD2015),Fifth more deprived decile,2011 - 13,3.74341600678589,3.47799501410979,4.02371979678472,737,196879,,,Better,Not compared
92196,4.01 - Infant mortality,,,E92000001,England,Country,Persons,< 1 yr,LSOA11 deprivation deciles within area (IMD2015),Fifth less deprived decile,2011 - 13,3.48478541619972,3.2225911631082,3.76262824212751,653,187386,,,Better,Not compared
92196,4.01 - Infant mortality,,,E92000001,England,Country,Persons,< 1 yr,LSOA11 deprivation deciles within area (IMD2015),Fourth less deprived decile,2011 - 13,3.21831803313285,2.95469864206488,3.49914712778514,549,170586,,,Better,Not compared
92196,4.01 - Infant mortality,,,E92000001,England,Country,Persons,< 1 yr,LSOA11 deprivation deciles within area (IMD2015),Third less deprived decile,2011 - 13,3.02273623340781,2.76506056811943,3.29795954676637,506,167398,,,Better,Not compared
92196,4.01 - Infant mortality,,,E92000001,England,Country,Persons,< 1 yr,LSOA11 deprivation deciles within area (IMD2015),Second least deprived decile,2011 - 13,3.0829949814642,2.81575582382428,3.36875844239364,489,158612,,,Better,Not compared
92196,4.01 - Infant mortality,,,E92000001,England,Country,Persons,< 1 yr,LSOA11 deprivation deciles within area (IMD2015),Least deprived decile,2011 - 13,2.92120417753113,2.64815240199283,3.2147647582208,419,143434,,,Better,Not compared
92196,4.01 - Infant mortality,,,E92000001,England,Country,Persons,< 1 yr,,,2012 - 14,3.97425274247694,3.88779179666913,4.06215173328429,8029,2020254,,,Not compared,Not compared
92196,4.01 - Infant mortality,,,E92000001,England,Country,Persons,< 1 yr,County & UA deprivation deciles in England (IMD2010),Most deprived decile (IMD2010),2012 - 14,5.64771229941305,5.34168730545381,5.96669909687226,1273,225401,,,Worse,Not compared
92196,4.01 - Infant mortality,,,E92000001,England,Country,Persons,< 1 yr,County & UA deprivation deciles in England (IMD2010),Second most deprived decile (IMD2010),2012 - 14,4.28897014626327,3.97375161732,4.62254316782354,685,159712,,,Same,Not compared
92196,4.01 - Infant mortality,,,E92000001,England,Country,Persons,< 1 yr,County & UA deprivation deciles in England (IMD2010),Third more deprived decile (IMD2010),2012 - 14,4.14686937361473,3.83128560987403,4.48151550125546,638,153851,,,Same,Not compared
92196,4.01 - Infant mortality,,,E92000001,England,Country,Persons,< 1 yr,County & UA deprivation deciles in England (IMD2010),Fourth more deprived decile (IMD2010),2012 - 14,3.92774111565176,3.66283393331466,4.20674362839879,816,207753,,,Same,Not compared
92196,4.01 - Infant mortality,,,E92000001,England,Country,Persons,< 1 yr,County & UA deprivation deciles in England (IMD2010),Fifth more deprived decile (IMD2010),2012 - 14,4.03744437337075,3.71738762514971,4.37768410711412,587,145389,,,Same,Not compared
92196,4.01 - Infant mortality,,,E92000001,England,Country,Persons,< 1 yr,County & UA deprivation deciles in England (IMD2010),Fifth less deprived decile (IMD2010),2012 - 14,4.03188635029378,3.76237799137232,4.31560112136396,831,206107,,,Same,Not compared
92196,4.01 - Infant mortality,,,E92000001,England,Country,Persons,< 1 yr,County & UA deprivation deciles in England (IMD2010),Fourth less deprived decile (IMD2010),2012 - 14,3.62409929335865,3.39573372685751,3.86378229991489,937,258547,,,Better,Not compared
92196,4.01 - Infant mortality,,,E92000001,England,Country,Persons,< 1 yr,County & UA deprivation deciles in England (IMD2010),Third less deprived decile (IMD2010),2012 - 14,3.6055239347831,3.35921419208936,3.8651164740764,795,220495,,,Better,Not compared
92196,4.01 - Infant mortality,,,E92000001,England,Country,Persons,< 1 yr,County & UA deprivation deciles in England (IMD2010),Second least deprived decile (IMD2010),2012 - 14,3.53649145823232,3.28690293182897,3.80000702471177,744,210378,,,Better,Not compared
92196,4.01 - Infant mortality,,,E92000001,England,Country,Persons,< 1 yr,County & UA deprivation deciles in England (IMD2010),Least deprived decile (IMD2010),2012 - 14,3.10805989141135,2.88560374894909,3.34311357369248,723,232621,,,Better,Not compared
92196,4.01 - Infant mortality,,,E92000001,England,Country,Persons,< 1 yr,District & UA deprivation deciles in England (IMD2010),Most deprived decile (IMD2010),2012 - 14,5.18818413555256,4.95767504861222,5.42664496092596,1903,366795,,,Worse,Not compared
92196,4.01 - Infant mortality,,,E92000001,England,Country,Persons,< 1 yr,District & UA deprivation deciles in England (IMD2010),Second most deprived decile (IMD2010),2012 - 14,4.10315980776977,3.88427587399672,4.33116554945917,1314,320241,,,Same,Not compared
92196,4.01 - Infant mortality,,,E92000001,England,Country,Persons,< 1 yr,District & UA deprivation deciles in England (IMD2010),Third more deprived decile (IMD2010),2012 - 14,4.02502059271036,3.79261284881576,4.267943780454,1119,278011,,,Same,Not compared
92196,4.01 - Infant mortality,,,E92000001,England,Country,Persons,< 1 yr,District & UA deprivation deciles in England (IMD2010),Fourth more deprived decile (IMD2010),2012 - 14,3.77705921829849,3.49866514503077,4.07171261993148,681,180299,,,Same,Not compared
92196,4.01 - Infant mortality,,,E92000001,England,Country,Persons,< 1 yr,District & UA deprivation deciles in England (IMD2010),Fifth more deprived decile (IMD2010),2012 - 14,3.80432299044921,3.52083993313214,4.10455394519098,666,175064,,,Same,Not compared
92196,4.01 - Infant mortality,,,E92000001,England,Country,Persons,< 1 yr,District & UA deprivation deciles in England (IMD2010),Fifth less deprived decile (IMD2010),2012 - 14,3.54471639358575,3.26873771457617,3.8377705961938,609,171805,,,Better,Not compared
92196,4.01 - Infant mortality,,,E92000001,England,Country,Persons,< 1 yr,District & UA deprivation deciles in England (IMD2010),Fourth less deprived decile (IMD2010),2012 - 14,3.33142331729808,3.04577256178238,3.63664749444599,500,150086,,,Better,Not compared
92196,4.01 - Infant mortality,,,E92000001,England,Country,Persons,< 1 yr,District & UA deprivation deciles in England (IMD2010),Third less deprived decile (IMD2010),2012 - 14,3.46686572115783,3.14243181570863,3.81569803352606,418,120570,,,Better,Not compared
92196,4.01 - Infant mortality,,,E92000001,England,Country,Persons,< 1 yr,District & UA deprivation deciles in England (IMD2010),Second least deprived decile (IMD2010),2012 - 14,3.28472320543678,2.99260428727449,3.59765007059357,464,141260,,,Better,Not compared
92196,4.01 - Infant mortality,,,E92000001,England,Country,Persons,< 1 yr,District & UA deprivation deciles in England (IMD2010),Least deprived decile (IMD2010),2012 - 14,3.05710324397406,2.74731636400598,3.39225719966943,355,116123,,,Better,Not compared
92196,4.01 - Infant mortality,,,E92000001,England,Country,Persons,< 1 yr,LSOA11 deprivation deciles within area (IMD2015),Most deprived decile,2012 - 14,5.70158889867103,5.42829100116716,5.98508269253629,1632,286236,,,Worse,Not compared
92196,4.01 - Infant mortality,,,E92000001,England,Country,Persons,< 1 yr,LSOA11 deprivation deciles within area (IMD2015),Second most deprived decile,2012 - 14,5.02495306991438,4.75719719707335,5.3038544430255,1317,262092,,,Worse,Not compared
92196,4.01 - Infant mortality,,,E92000001,England,Country,Persons,< 1 yr,LSOA11 deprivation deciles within area (IMD2015),Third more deprived decile,2012 - 14,4.01661304281213,3.76778735678464,4.27755295307973,970,241497,,,Same,Not compared
92196,4.01 - Infant mortality,,,E92000001,England,Country,Persons,< 1 yr,LSOA11 deprivation deciles within area (IMD2015),Fourth more deprived decile,2012 - 14,4.00174387921342,3.74050753619021,4.27641380360417,872,217905,,,Same,Not compared
92196,4.01 - Infant mortality,,,E92000001,England,Country,Persons,< 1 yr,LSOA11 deprivation deciles within area (IMD2015),Fifth more deprived decile,2012 - 14,3.60944197206784,3.34770198807706,3.88620898920688,704,195044,,,Better,Not compared
92196,4.01 - Infant mortality,,,E92000001,England,Country,Persons,< 1 yr,LSOA11 deprivation deciles within area (IMD2015),Fifth less deprived decile,2012 - 14,3.3124372848804,3.05557401236387,3.5851263537153,614,185362,,,Better,Not compared
92196,4.01 - Infant mortality,,,E92000001,England,Country,Persons,< 1 yr,LSOA11 deprivation deciles within area (IMD2015),Fourth less deprived decile,2012 - 14,3.11576209057585,2.85538548950559,3.39350053257354,527,169140,,,Better,Not compared
92196,4.01 - Infant mortality,,,E92000001,England,Country,Persons,< 1 yr,LSOA11 deprivation deciles within area (IMD2015),Third less deprived decile,2012 - 14,3.06942693979943,2.8085261701886,3.34804062568228,509,165829,,,Better,Not compared
92196,4.01 - Infant mortality,,,E92000001,England,Country,Persons,< 1 yr,LSOA11 deprivation deciles within area (IMD2015),Second least deprived decile,2012 - 14,2.98690749541091,2.72210884643811,3.27050503211087,467,156349,,,Better,Not compared
92196,4.01 - Infant mortality,,,E92000001,England,Country,Persons,< 1 yr,LSOA11 deprivation deciles within area (IMD2015),Least deprived decile,2012 - 14,2.961542558858,2.68407353274462,3.25990411070526,417,140805,,,Better,Not compared
92196,4.01 - Infant mortality,,,E92000001,England,Country,Persons,< 1 yr,,,2013 - 15,3.88562769918992,3.79950657851479,3.97320852859803,7734,1990412,,Cannot be calculated,Not compared,Not compared
92196,4.01 - Infant mortality,,,E92000001,England,Country,Persons,< 1 yr,County & UA deprivation deciles in England (IMD2010),Most deprived decile (IMD2010),2013 - 15,5.71060560341916,5.40057167510492,6.03379759975395,1268,222043,,Cannot be calculated,Worse,Not compared
92196,4.01 - Infant mortality,,,E92000001,England,Country,Persons,< 1 yr,County & UA deprivation deciles in England (IMD2010),Second most deprived decile (IMD2010),2013 - 15,4.14735455765773,3.83577627169449,4.47749947928735,655,157932,,Cannot be calculated,Same,Not compared
92196,4.01 - Infant mortality,,,E92000001,England,Country,Persons,< 1 yr,County & UA deprivation deciles in England (IMD2010),Third more deprived decile (IMD2010),2013 - 15,4.02115419069295,3.70732352761929,4.35445199585471,606,150703,,Cannot be calculated,Same,Not compared
92196,4.01 - Infant mortality,,,E92000001,England,Country,Persons,< 1 yr,County & UA deprivation deciles in England (IMD2010),Fourth more deprived decile (IMD2010),2013 - 15,3.80096414700314,3.53869721050519,4.0775231951299,779,204948,,Cannot be calculated,Same,Not compared
92196,4.01 - Infant mortality,,,E92000001,England,Country,Persons,< 1 yr,County & UA deprivation deciles in England (IMD2010),Fifth more deprived decile (IMD2010),2013 - 15,4.00042257984998,3.67815056312307,4.34336609329013,568,141985,,Cannot be calculated,Same,Not compared
92196,4.01 - Infant mortality,,,E92000001,England,Country,Persons,< 1 yr,County & UA deprivation deciles in England (IMD2010),Fifth less deprived decile (IMD2010),2013 - 15,3.70080561420086,3.44098829881371,3.97504108300759,752,203199,,Cannot be calculated,Same,Not compared
92196,4.01 - Infant mortality,,,E92000001,England,Country,Persons,< 1 yr,County & UA deprivation deciles in England (IMD2010),Fourth less deprived decile (IMD2010),2013 - 15,3.63596384454095,3.40551597424444,3.8779018199692,926,254678,,Cannot be calculated,Better,Not compared
92196,4.01 - Infant mortality,,,E92000001,England,Country,Persons,< 1 yr,County & UA deprivation deciles in England (IMD2010),Third less deprived decile (IMD2010),2013 - 15,3.59439421587509,3.34684834307064,3.85540331673629,782,217561,,Cannot be calculated,Better,Not compared
92196,4.01 - Infant mortality,,,E92000001,England,Country,Persons,< 1 yr,County & UA deprivation deciles in England (IMD2010),Second least deprived decile (IMD2010),2013 - 15,3.47417434300624,3.22551394082989,3.73691621437971,723,208107,,Cannot be calculated,Better,Not compared
92196,4.01 - Infant mortality,,,E92000001,England,Country,Persons,< 1 yr,County & UA deprivation deciles in England (IMD2010),Least deprived decile (IMD2010),2013 - 15,2.94430680113061,2.7263481377237,3.17505337111021,675,229256,,Cannot be calculated,Better,Not compared
92196,4.01 - Infant mortality,,,E92000001,England,Country,Persons,< 1 yr,District & UA deprivation deciles in England (IMD2010),Most deprived decile (IMD2010),2013 - 15,5.20293663359224,4.97056159284495,5.44337104716711,1883,361911,,Cannot be calculated,Worse,Not compared
92196,4.01 - Infant mortality,,,E92000001,England,Country,Persons,< 1 yr,District & UA deprivation deciles in England (IMD2010),Second most deprived decile (IMD2010),2013 - 15,3.83093039151791,3.61765449678594,4.05349703379547,1205,314545,,Cannot be calculated,Same,Not compared
92196,4.01 - Infant mortality,,,E92000001,England,Country,Persons,< 1 yr,District & UA deprivation deciles in England (IMD2010),Third more deprived decile (IMD2010),2013 - 15,3.95248245880241,3.72034639426172,4.19530928520793,1081,273499,,Cannot be calculated,Same,Not compared
92196,4.01 - Infant mortality,,,E92000001,England,Country,Persons,< 1 yr,District & UA deprivation deciles in England (IMD2010),Fourth more deprived decile (IMD2010),2013 - 15,3.81536789430186,3.5327216276168,4.11461005916967,674,176654,,Cannot be calculated,Same,Not compared
92196,4.01 - Infant mortality,,,E92000001,England,Country,Persons,< 1 yr,District & UA deprivation deciles in England (IMD2010),Fifth more deprived decile (IMD2010),2013 - 15,3.84378307339823,3.55629932149219,4.14831725834603,661,171966,,Cannot be calculated,Same,Not compared
92196,4.01 - Infant mortality,,,E92000001,England,Country,Persons,< 1 yr,District & UA deprivation deciles in England (IMD2010),Fifth less deprived decile (IMD2010),2013 - 15,3.33962452742549,3.07058606709252,3.62591992401061,568,170079,,Cannot be calculated,Better,Not compared
92196,4.01 - Infant mortality,,,E92000001,England,Country,Persons,< 1 yr,District & UA deprivation deciles in England (IMD2010),Fourth less deprived decile (IMD2010),2013 - 15,3.37508488136778,3.08625454869695,3.68366558504064,502,148737,,Cannot be calculated,Better,Not compared
92196,4.01 - Infant mortality,,,E92000001,England,Country,Persons,< 1 yr,District & UA deprivation deciles in England (IMD2010),Third less deprived decile (IMD2010),2013 - 15,3.19048898441698,2.8777291997182,3.52796832636237,380,119104,,Cannot be calculated,Better,Not compared
92196,4.01 - Infant mortality,,,E92000001,England,Country,Persons,< 1 yr,District & UA deprivation deciles in England (IMD2010),Second least deprived decile (IMD2010),2013 - 15,3.24335184627086,2.95119818769635,3.55660105356547,452,139362,,Cannot be calculated,Better,Not compared
92196,4.01 - Infant mortality,,,E92000001,England,Country,Persons,< 1 yr,District & UA deprivation deciles in England (IMD2010),Least deprived decile (IMD2010),2013 - 15,2.86325345903714,2.56173870035104,3.19050235858322,328,114555,,Cannot be calculated,Better,Not compared
92196,4.01 - Infant mortality,,,E92000001,England,Country,Persons,< 1 yr,LSOA11 deprivation deciles within area (IMD2015),Most deprived decile,2013 - 15,5.63281989930711,5.35863724698901,5.91739517113915,1582,280854,,Cannot be calculated,Worse,Not compared
92196,4.01 - Infant mortality,,,E92000001,England,Country,Persons,< 1 yr,LSOA11 deprivation deciles within area (IMD2015),Second most deprived decile,2013 - 15,4.89065095848199,4.62399002937416,5.16867973516507,1257,257021,,Cannot be calculated,Worse,Not compared
92196,4.01 - Infant mortality,,,E92000001,England,Country,Persons,< 1 yr,LSOA11 deprivation deciles within area (IMD2015),Third more deprived decile,2013 - 15,3.91639422794087,3.66895992074086,4.17612473003831,932,237974,,Cannot be calculated,Same,Not compared
92196,4.01 - Infant mortality,,,E92000001,England,Country,Persons,< 1 yr,LSOA11 deprivation deciles within area (IMD2015),Fourth more deprived decile,2013 - 15,3.92319677560807,3.6624906673831,4.19756102646958,841,214366,,Cannot be calculated,Same,Not compared
92196,4.01 - Infant mortality,,,E92000001,England,Country,Persons,< 1 yr,LSOA11 deprivation deciles within area (IMD2015),Fifth more deprived decile,2013 - 15,3.59016989660726,3.32743609028019,3.86813346650564,691,192470,,Cannot be calculated,Better,Not compared
92196,4.01 - Infant mortality,,,E92000001,England,Country,Persons,< 1 yr,LSOA11 deprivation deciles within area (IMD2015),Fifth less deprived decile,2013 - 15,3.17652315102379,2.92386892698673,3.44516634727793,583,183534,,Cannot be calculated,Better,Not compared
92196,4.01 - Infant mortality,,,E92000001,England,Country,Persons,< 1 yr,LSOA11 deprivation deciles within area (IMD2015),Fourth less deprived decile,2013 - 15,3.08199541284404,2.82177000637919,3.35976325915743,516,167424,,Cannot be calculated,Better,Not compared
92196,4.01 - Infant mortality,,,E92000001,England,Country,Persons,< 1 yr,LSOA11 deprivation deciles within area (IMD2015),Third less deprived decile,2013 - 15,3.10377208922278,2.83995198773251,3.38550330448838,509,163994,,Cannot be calculated,Better,Not compared
92196,4.01 - Infant mortality,,,E92000001,England,Country,Persons,< 1 yr,LSOA11 deprivation deciles within area (IMD2015),Second least deprived decile,2013 - 15,2.77160785634264,2.51521099879641,3.04705087327297,428,154423,,Cannot be calculated,Better,Not compared
92196,4.01 - Infant mortality,,,E92000001,England,Country,Persons,< 1 yr,LSOA11 deprivation deciles within area (IMD2015),Least deprived decile,2013 - 15,2.85505706500134,2.58040240874828,3.15098414216244,395,138351,,Cannot be calculated,Better,Not compared
